"player","pa","pc","py","ints","tdp","ra","ry","tdr","trg","rec","recy","tdrec","fum","FF"
"J.Williams",0,0,0,0,0,13.8167554386389,102.120098475341,0.571428571427716,15.4144092859966,9.87491743634533,52.582385245275,0.514285714286823,0,190.965808148446
"J.Jones",0,0,0,0,0,0,0,0,0.0678096745475852,0.0540873579058563,1.61018106005768e-09,0,0,0.406858047446529
"D.Jones",0.2228300534116,0.06718035505928,0.82856878730479,0,0.695652173911859,6.39542824677711,28.4270464211718,0.208695652173912,0,0,0,0,0,41.2361436879972
"J.Johnson",0,0,0,0,0,0,0,0,14.3201052998758,11.3063694733755,139.476409841752,0.495575221238323,0,99.9178303055537
"J.Bates",0,0,0,0,0,0,0,0,4.38535842768042,2.89156626506009,25.6385542168645,0,0,28.8760059877689
"J.Allen",111.262716021482,78.9661643314857,798.408069550956,0,6.22223716060735,44.0883603473347,179.492236802048,3.1604938271588,0,0,0,0,0,282.795435146929
"J.Taylor",0,0,0,0,0,82.3179630568407,366.173965127392,1.77777777777637,5.77151585330976,3.68027302804383,26.7556673801793,0,0,568.007614489438
"T.Hill",1.4999999999994,0.800000000000007,10.4000000000358,0,0,13.1969252783347,77.3505042049336,1.00000000000004,40.5287506131086,28.167662664192,351.123442373378,2.36489035874583,0,365.537939042366
"T.Smith",0,0,0,0,0,0,0,0,0,0,0,0,0,0
"D.Johnson",0,0,0,0,0,7.7866666666705,26.7733333333495,0,15.9205509804708,8.3255121322889,97.0899216209383,0.555556305135339,0,154.68518700879
"M.Williams",0,0,0,0,0,0,0,0,4.88938055158254,1.52758829866734,50.6797345743039,0,0,34.4042567669256
"B.Jones",0,0,0,0,0,0,0,0,0,0,0,0,0,0
"J.Elliott",0,0,0,0,0,0,0,0,0,0,0,0,0,0
"A.Johnson",0,0,0,0,0,0,0,0,0,0,0,0,0,0
"B.Young",109.991336656672,66.2732725645681,636.709290569634,0,2.87783975941894,8.94207012351356,56.4016875229741,3.70241531969804,0,0,0,0,0,59.6628310253486
"D.Jackson",0,0,0,0,0,0,0,0,0,0,0,0,0,0
"D.Williams",0,0,0,0,0,0,0,0,0,0,0,0,0,0
"J.Love",119.918898775011,81.4773797059602,980.864621256947,0,7.5416754133578,9.43307293510822,24.5796318658544,0.527312102611213,0,0,0,0,0,59.1091320074959
"D.Hopkins",0,0,0,0,0,0,0,0,26.746194380379,17.3092703619251,205.061290508807,1.55223880597256,0,181.138519213752
"B.Robinson",0,0,0,0,0,122.744565332896,496.121212121212,7.90045339974784,28.0000000000013,21.6969696969727,177.818181818182,1.09682656910977,0,972.761059388212
"D.Davis",0,0,0,0,0,3.0817702192418,16.6060606060606,0,4.30663336267328,3.75953910123346,29.0008082923625,-1.19451875968032,0,48.7716565053648
"J.Davis",0,0,0,0,0,0,0,0,0,0,0,0,0,0
"D.Moore",0,0,0,0,0,4.3115952917152,12,0,43.7590489688522,29.8576913504937,356.5,2.37500000000175,0,325.511365563404
"J.Hill",0,0,0,0,0,14.853653841199,93.25,0,16.6250000000005,12.4999999999994,100.25,0.625000000000781,0,208.284423047197
"M.Brown",0,0,0,0,0,0,0,0,21.7767371723378,9.06454996798082,87.19795905733,0,0,139.38021893976
"T.Jones",0,0,0,0,0,-1.73344344755578,20.0000000000212,0,1.90197962356338,1.31356355385113,21.4666666667194,0,0,5.15788372271968
"C.Sutton",0.273135295954248,0.273135295954248,0,0,0,0,0,0,34.2435248280129,20.6053951813957,310.776261111142,2.54916639412949,0,236.793691718604
"J.Simmons",0,0,0,0,0,0,0,0,0,0,0,0,0,0
"S.Thomas",0,0,0,0,0,0,0,0,0,0,0,0,0,0
"D.Turner",0,0,0,0,0,0.701754385964911,4.63157894736391,0,4.50355119018019,2.57086068614892,-2.73432378549028e-18,0,0,31.694991351607
"C.Jones",0,0,0,0,0,0,0,0,1.42857142857178,1.14285714285652,0,0,0,8.57142857143068
"K.White",0,0,0,0,0,0,0,0,0,0,0,0,0,0
"K.Murray",219.576826448576,157.890625932311,1473.50407770161,0,4.5925925925926,18.3296411448279,119.630403341743,1.18518518518514,0,0,0,0,0,122.05940572166
"M.Edwards",0,0,0,0,0,0,0,0,0,0,0,0,0,0
"K.Clark",0,0,0,0,0,0,0,0,0,0,0,0,0,0
"J.Brooks",0,0,0,0,0,0,0,0,6.24000000000185,3.35999999999771,44.2672401619701,0,0,41.8667240162081
"J.Bullard",0,0,0,0,0,0,0,0,0,0,0,0,0,0
"J.Sanders",0,0,0,0,0,0,0,0,12.1475832500907,7.84011700289702,54.9742164550701,0,0,78.3829211460514
"R.Davis",0,0,0,0,0,35.1044496944645,115.656131728312,0.639999999999312,4.95030551966118,4.16148937545874,30.24,0.48,0,255.030144457585
"D.Lawrence",0,0,0,0,0,0,0,0,0,0,0,0,0,0
"T.Edmunds",0,0,0,0,0,0,0,0,0,0,0,0,0,0
"J.Ward",0,0,0,0,0,3.63922499265697e-05,0.000764816974791496,0,0,0,0,0,0,0.000294835197038568
"A.Jackson",0,0,0,0,0,0,0,0,0,0,0,0,0,0
"T.Taylor",0,-12.5959090875721,184.520201474156,0,1.39130434782609,5.44350480740709,29.3630718089483,0,0.521739130435502,0,0,0,0,38.7277708079504
"T.Walker",0,0,0,0,0,0,0,0,0,0,0,0,0,0
"D.Robinson",0,0,0,0,0,0,0,0,23.2396038477897,11.9737389856718,204.848302065035,1.84333933471443,0,160.106787226713
"M.Harrison",0,0,0,0,0,0,0,0,10.8125330428057,14.0345396656283,199.444336455492,1.42222222222223,0,84.9618541246057
"F.Moreau",0,0,0,0,0,0,0,0,35.7318458554041,28.3298377607363,221.589882231592,1.09090909090909,0,236.659154264675
"B.Murphy",0,0,0,0,0,0,0,0,0,0,0,0,0,0
"J.Jacobs",0,0,0,0,0,127.434932284637,567.112867989109,8,18.3166903069118,13.7006799731993,118.779168536539,0,0,943.898939201857
"J.Hicks",0,0,0,0,0,0,0,0,0,0,0,0,0,0
"J.Jackson",0,0,0,0,0,0.326385833759413,0,0,0,0,0,0,0,1.95831500255648
"M.Adams",0,0,0,0,0,0,0,0,0,0,0,0,0,0
"T.Bass",0,0,0,0,0,0,0,0,0,0,0,0,0,0
"J.Myers",0,0,0,0,0,0,0,0,0,0,0,0,0,0
"K.Joseph",0,0,0,0,0,0,0,0,0,0,0,0,0,0
"M.Jackson",0,0,0,0,0,0,0,0,0,0,0,0,0,0
"S.Brown",0,0,0,0,0,0,0,0,0,0,0,0,0,0
"J.Ledbetter",0,0,0,0,0,0,0,0,0,0,0,0,0,0
"L.Chenal",0,0,0,0,0,0,0,0,0,0,0,0,0,0
"T.Townsend",0,0,0,0,0,0,0,0,0,0,0,0,0,0
"D.Smith",0,0,0,0,0,0,0,0,47.4611097315019,35.8208367010705,458.495414842089,3.15099278098463,0,330.931299151319
"G.Karlaftis",0,0,0,0,0,0,0,0,0,0,0,0,0,0
"J.Reid",0,0,0,0,0,0,0,0,0,0,0,0,0,0
"M.Jones",124.512820512821,81.025641025641,777.84615384739,0,3.69230769230544,11.2820512820521,39.5897435897913,0,1.32669391419267,1.21099488989184,10.8717948717896,0,0,80.6986250236266
"P.Mahomes",289.230769230769,195.282051282051,2018.66666666667,0,13.1282051282051,36.5128205128206,186.512666044268,7.13146573614585,0,0,0,0,0,238.441336254965
"S.Martin",0,0,0,0,0,0,0,0,0,0,0,0,0,0
"T.McDuffie",0,0,0,0,0,0,0,0,0,0,0,0,0,0
"A.Robinson",0,0,0,0,0,0,0,0,2.01913663892729,1.28951180097601,17.3686147299595,0,0,13.8516813065597
"C.Harris",0,0,0,0,0,0,0,0,0,0,0,0,0,0
"D.Tranquill",0,0,0,0,0,0,0,0,0,0,0,0,0,0
"J.Campbell",0,0,0,0,0,0,0,0,0,0,0,0,0,0
"J.Carter",0,0,0,0,0,0,0,0,0,0,0,0,0,0
"J.Cook",0,0,0,0,0,112.210526315789,524.99296258227,7.89668761246198,22.6389507308322,18.9473684210526,175.510112813734,1.26315789473684,0,880.063154370051
"J.Ford",0,0,0,0,0,25.6703036481848,200.614446095688,1.59092700342854,8.10807817245723,17.8947368421066,117.684210526316,1.05263157894767,0,234.76451244429
"J.Goff",272.631578947368,188.842105263158,2179.78947368421,0,15.1578947368426,16.3388057834872,18.3157894736842,-0.285509154874391,0,0,0,0,0,99.8358627328041
"J.Jefferson",0,0,0,0,0,1.90548646805224,0,0,35.547604267757,22.2002783948322,256.992607700062,3.15789473684216,0,250.733594658546
"J.Reed",0,0,0,0,0,6.73684210526316,61.2631578946983,0.631578947368705,26.2523144752763,26.7368421052646,364.421052631579,3.13713079518719,0,240.88023151012
"J.Stout",0,0,0,0,0,0,0,0,0,0,0,0,0,0
"J.Tucker",0,0,0,0,0,0,0,0,0,0,0,0,0,0
"K.Gainwell",0,0,0,0,0,38.4307735513326,147.037227671355,0.631578947368705,10.3476658807333,10.8505449964275,70.5263157894737,0,0,314.490148833215
"N.Gray",0,0,0,0,0,0,0,0,21.5647547151262,16.8421052631572,173.263157894737,1.37890128328272,0,146.852734208559
"N.Harris",0,0,0,0,0,107.664511332106,435.09749785905,2.94736842105248,19.3684210526356,14.7368421052617,107.157894736842,0,0,816.717870410143
"T.Kelce",0,0,0,0,0,0,0,0,65.0526315789342,49.0141374195935,490.90807755925,2.52631578947372,0,439.659228808478
"A.St. Brown",0,0,0,0,0,1.51351351351351,6.91891891891978,0,75.4594594594595,57.0810810810811,689.513513513513,4.97297297297298,0,531.978378378378
"B.Mann",0,0,0,0,0,0,0,0,0,0,0,0,0,0
"B.Mayfield",266.162162162171,180.324324324324,2035.67567567568,0,16.6486486486495,27.5682966687331,314.030795798409,0.864864864866704,0,0,0,0,0,196.899346078726
"B.Stephens",0,0,0,0,0,0,0,0,0,0,0,0,0,0
"B.Wagner",0,0,0,0,0,0,0,0,0,0,0,0,0,0
"C.Brown",0,0,0,0,0,181.623784430881,754.967190924701,-4.02000107841007e-22,22.9481861210749,32,192,1.08108108108128,0,1322.23665051231
"C.Davis",0,0,0,0,0,0,0,0,0,0,0,0,0,0
"C.McLaughlin",0,0,0,0,0,0,0,0,0,0,0,0,0,0
"F.Luvu",0,0,0,0,0,0,0,0,0,0,0,0,0,0
"G.Rousseau",0,0,0,0,0,0,0,0,0,0,0,0,0,0
"H.Butker",0,0,0,0,0,0,0,0,0,0,0,0,0,0
"J.Hurts",176.304518544363,125.014078488867,1447.64467494991,0,10.1621621621673,73.9459459459511,310.054054054103,7.35135135135135,0,0,0,0,0,475.416216216252
"J.Scott",0,0,0,0,0,0,0,0,0,0,0,0,0,0
"K.Nixon",0,0,0,0,0,0,0,0,0,0,0,0,0,0
"L.Jackson",224,149.837837837826,1881.72972972973,0,19.0110162441606,70.7027027027027,434.594594594747,2.37837837837881,0,0,0,0,0,467.913513513529
"P.Queen",0,0,0,0,0,0,0,0,0,0,0,0,0,0
"S.LaPorta",0,0,0,0,0,0,0,0,51.2432432432433,37.4054054054054,398.27027027027,4.00171533032746,0,347.686658019519
"S.Perine",0,0,0,0,0,4.90795495557286,33.9709187346712,0,11.4367251642758,9.28401562673017,171.675675675676,0,0,118.632740160127
"T.McLaurin",0,0,0,0,0,0.369680740167933,0,0,58.8108108108139,37.8378378378378,507.598253129421,7.21352975502012,0,406.564127594335
"A.Jones",0,0,0,0,0,93.6162263736225,453.736219643657,2.22222222222222,28.084616407441,19.5555555555569,153.329270734107,0,0,791.133827946379
"C.Boswell",0,0,0,0,0,0,0,0,0,0,0,0,0,0
"C.Conner",0,0,0,0,0,0,0,0,0,0,0,0,0,0
"C.Rozeboom",0,0,0,0,0,0,0,0,0,0,0,0,0,0
"C.Stroud",254.666666666667,162.444444444436,1958,0,10.8647435487893,23.7777777777778,109.777777777778,9.0104521142996e-295,0,0.217810838747241,0,0,0,153.644444444444
"D.Armstrong",0,0,0,0,0,0,0,0,0,0,0,0,0,0
"D.Brown",0,0,0,0,0,0.888888888887945,5.77777777777778,0,44.0817149633072,35.8207903341519,462.883233736663,0.666666666666667,0,316.756390931282
"D.Henry",-3.52305127295538e-10,0,0,0,0,143.777777777793,983.053645148558,6.88888888889019,11.838775031739,10.4444444444445,90.390673547811,0,0,1041.73263761572
"D.Schultz",0,0,0,0,0,0,0,0,42.2222222222222,27.6379819669181,296.222222222222,1.77777777777684,0,283.133333333333
"D.Whelan",0,0,0,0,0,0,0,0,0,0,0,0,0,0
"E.Evans",0,0,0,0,0,0,0,0,0,0,0,0,0,0
"F.Warner",0,0,0,0,0,0,0,0,0,0,0,0,0,0
"J.Gibbs",0,0,0,0,0,122.711451083145,575.802326429315,6.88888888888697,35.3333333333294,26.8888888888889,221.555555555556,1.11111111111215,0,1028.80449469733
"J.Sweat",0,0,0,0,0,0,0,0,0,0,0,0,0,0
"Ju.Watson",0,0,0,0,0,0,0,0,0,12.2222222222222,118.054997943391,1.11111111111111,0,11.9166109054503
"K.Hamilton",0,0,0,0,0,0,0,0,0,0,0,0,0,0
"K.Shakir",0,0,0,0,0,0.666666666666667,0,0,54.2343393568331,48,373.555555555556,1.74375124157439,0,366.935966820712
"K.Turner",0,0,0,0,0,0,0,0,0,0,0,0,0,0
"L.Van Ness",0,0,0,0,0,0,0,0,0,0,0,0,0,0
"R.Gary",0,0,0,0,0,0,0,0,0,0,0,0,0,0
"R.Smith",0,0,0,0,0,0,0,0,0,0,0,0,0,0
"Z.McCollum",0,0,0,0,0,0,0,0,0,0,0,0,0,0
"A.Epenesa",0,0,0,0,0,0,0,0,0,0,0,0,0,0
"A.Van Ginkel",0,0,0,0,0,0,0,0,0,0,0,0,0,0
"B.Aubrey",0,0,0,0,0,0,0,0,0,0,0,0,0,0
"B.Branch",0,0,0,0,0,0,0,0,0,0,0,0,0,0
"C.Austin",0,0,0,0,0,2.98376593561754e-204,12.3255689521351,0,20.913246623321,12.6513948877293,173.714285714286,1.37142857142827,0,144.220608063711
"C.Bynum",0,0,0,0,0,0,0,0,0,0,0,0,0,0
"C.Dicker",0,0,0,0,0,0,0,0,0,0,0,0,0,0
"D.Carter",0,0,0,0,0,0,0,0,4.60129555787076,0,2.19220481349134,0,0,27.8269938285737
"D.Hunter",0,0,0,0,0,0,0,0,0,0,0,0,0,0
"D.Lenoir",0,0,0,0,0,0,0,0,0,0,0,0,0,0
"D.Walker",0,0,0,0,0,0,0,0,5.29857908700728,0,0,0,0,31.7914745220437
"D.Wicks",0,0,0,0,0,0,0,0,32.9142857142782,18.7428571428571,242.285714285714,2.28571428571256,0,221.942857142812
"G.Stone",0,0,0,0,0,0,0,0,0,0,0,0,0,0
"H.Phillips",0,0,0,0,0,0,0,0,0,0,0,0,0,0
"J.Cooper",0,0,0,0,0,0,0,0,0,0,0,0,0,0
"J.Fox",0,0,0,0,0,0,0,0,0,0,0,0,0,0
"J.Metellus",0,0,0,0,0,0,0,0,0,0,0,0,0,0
"J.Smith",0,0,0,0,0,0.685714285714286,0,0,64.1248387453775,51.3264811555403,335.085714285914,5.52638697065559,0,422.924528312208
"K.Allen",0.914285714285714,0,0,0,0,0.199954615603461,-1.50816293259544,0,61.9428571428571,40.6857142857143,454.171428571122,3.20000000000042,0,418.443197114616
"K.Benton",0,0,0,0,0,0,0,0,0,0,0,0,0,0
"L.David",0,0,0,0,0,0,0,0,0,0,0,0,0,0
"M.Carter",0,0,0,0,0,86.3139006272386,64,0,5.02857142857145,4.57142857142607,20.5714285714286,0,0,556.511975192003
"M.Collins",0,0,0,0,0,0,0,0,0,0,0,0,0,0
"M.Danna",0,0,0,0,0,0,0,0,0,0,0,0,0,0
"M.Hoecht",0,0,0,0,0,0,0,0,0,0,0,0,0,0
"P.Smith",0,0,0,0,0,0,0,0,0,0,0,0,0,0
"R.Bateman",0,0,0,0,0,0,0,0,32.2285714285714,19.8857142857137,361.04640245612,6.67808050699059,0,230.14387686774
"R.Dixon",0,0,0,0,0,0,0,0,0,0,0,0,0,0
"R.White",0,0,0,0,0,35.5660885005967,369.234609069677,2.05714285714324,32.3921893179122,27.8857142857143,227.428571428571,2.28571428571491,0,467.850270675164
"R.Wright",0,0,0,0,0,0,0,0,0,0,0,0,0,0
"V.Miller",0,0,0,0,0,0,0,0,0,0,0,0,0,0
"W.Lutz",0,0,0,0,0,0,0,0,0,0,0,0,0,0
"X.McKinney",0,0,0,0,0,0,0,0,0,0,0,0,0,0
"Z.Flowers",0,0,0,0,0,4.50965859462073,26.5142857142174,0,57.4208821878421,37.3862074900601,473.828571428571,2.28571428571312,0,421.846101837627
"A.Brown",0,0,0,0,0,0,0,0,64.1970064431847,24,609.090200379296,3.76470588235247,0,446.467529285273
"A.Cole",0,0,0,0,0,0,0,0,0,0,0,0,0,0
"A.Taylor",0,0,0,0,0,0,0,0,0,0,0,0,0,0
"B.Baringer",0,0,0,0,0,0,0,0,0,0,0,0,0,0
"B.Brown",0,0,0,0,0,0,0,0,0,0,0,0,0,0
"B.Grupe",0,0,0,0,0,0,0,0,0,0,0,0,0,0
"B.Pinion",0,0,0,0,0,0,0,0,0,0,0,0,0,0
"B.Powell",0,0,0,0,0,0,0.682582175110433,0,0.500262498356204,0.998658152098592,20.4319419817142,0,0,5.11302740581969
"B.Purdy",236.941176470588,158.588235294118,2098.35294117647,0,12.7058823529408,27.9999999999989,127.294117647158,1.64705882352941,0,0,0,0,0,180.894117647062
"B.St-Juste",0,0,0,0,0,0,0,0,0,0,0,0,0,0
"C.Benford",0,0,0,0,0,0,0,0,0,0,0,0,0,0
"C.Bojorquez",0,0,0,0,0,0,0,0,0,0,0,0,0,0
"C.Campbell",0,0,0,0,0,0,0,0,0,0,0,0,0,0
"C.Granderson",0,0,0,0,0,0,0,0,0,0,0,0,0,0
"C.Otton",0,0,0,0,0,0,0,0,40.1650435433512,28.4705882352941,292,2.11764705882351,0,270.40202596599
"C.Ridley",0,0,0,0,0,4,18.352941176471,0,60.2352941176333,32.9676407100008,478.35294117647,2.82352941176446,0,435.364705882271
"C.Santos",0,0,0,0,0,0,0,0,0,0,0,0,0,0
"D.Carlson",0,0,0,0,0,0,0,0,0,0,0,0,0,0
"D.Godchaux",0,0,0,0,0,0,0,0,0,0,0,0,0,0
"D.Kincaid",0,0,0,0,0,0,0,0,43.7647058823529,30.8235294117647,297.568682121513,1.17647058823365,0,292.462750565092
"D.Montgomery",0,0,0,0,0,105.882352941176,470.823529411765,6.35294117647059,18.1176470588153,0,172.833528794577,0,0,809.000999938232
"D.Payne",0,0,0,0,0,0,0,0,0,0,0,0,0,0
"D.Singletary",0,0,0,0,0,81.0403307073075,325.168389610449,2.11764705882366,16.7058823529399,13.8823529411788,85.6470588235294,0,0,627.770587910765
"D.Swift",0,0,0,0,0,114.800851959884,476.169936428005,2.58823529411475,24.7058823529412,19.9999999999907,138.033854144328,0,0,898.719608463597
"E.Moore",0,0,0,0,0,-6.43502385277418e-18,0,0,48.9411764705882,28.705882352938,280,0.705882352941176,0,321.717647058823
"G.Kittle",0,0,0,0,0,0,0,0,46.3529411764706,35.5294117647094,526.588235294118,3.52941176470668,0,331.129411764706
"G.Pratt",0,0,0,0,0,0,0,0,0,0,0,0,0,0
"G.Wilson",0,0,0,0,0,1.41176470588235,0,0,75.5294117646947,46.1176470588235,504.941176470588,2.35294117647059,0,512.376470588168
"H.Smith",0,0,0,0,0,0,0,0,0,0,0,0,0,0
"J.Bailey",0,0,0,0,0,0,0,0,0,0,0,0,0,0
"J.Greenard",0,0,0,0,0,0,0,0,0,0,0,0,0,0
"J.Hekker",0.705882352941176,0,0,0,0,0,0,0,0,0,0,0,0,0
"J.McLaughlin",0,0,0,0,0,43.4276516733411,212.705882352941,0,15.0588235294118,13.1764705882353,50.5153292339676,0.941176470587737,0,377.335090022267
"J.Moody",0,0,0,0,0,0,0,0,0,0,0,0,0,0
"J.Porter",0,0,0,0,0,0,0,0,0,0,0,0,0,0
"J.Slye",0,0,0,0,0,0,0,0,0,0,0,0,0,0
"J.Smith-Njigba",0,0,0,0,0,4.85937799861976,20.7606458713283,0,60.3771603212405,44.8195069076925,72,2.35294117647019,0,400.930588623942
"J.Warren",0,0,0,0,0,65.6470588235136,290.392436043937,1.17647058823606,30.117647058827,24.7058823529405,156.021834511932,0,0,619.347309408455
"K.Byard",0,0,0,0,0,0,0,0,0,0,0,0,0,0
"K.Curl",0,0,0,0,0,0,0,0,0,0,0,0,0,0
"K.Elliss",0,0,0,0,0,0,0,0,0,0,0,0,0,0
"K.Pitts",0,0,0,0,0,0,0,0,38.5882352941109,23.5294117647059,298.588235294118,1.64705882352927,0,261.55294117643
"K.Turpin",0,0,0,0,0,7.07879853892017,47.5294117647059,0.230387849920529,24.6411888440734,10.1176470588239,194.342726837523,1.17647058823606,0,214.647824002
"K.Van Noy",0,0,0,0,0,0,0,0,0,0,0,0,0,0
"L.Cooke",0,0,0,0,0,0,0,0,0,0,0,0,0,0
"L.Ogunjobi",0,0,0,0,0,0,0,0,0,0,0,0,0,0
"M.Emerson",0,0,0,0,0,0,0,0,0,0,0,0,0,0
"M.Evans",0,0,0,0,0,0,0,0,64.0000000000018,40.235294117647,599.058823529412,6.11764705882341,0,444.517647058834
"M.Mims",0,0,0,0,0,6.30448775552009,17.1764705882336,0,38.9274291967379,30.8073766546206,199.725838636936,5.84655873314351,0,293.666388509379
"M.Stafford",269.411764705882,173.176470588236,2098.26270534031,0,11.76470588235,16,26.8412127150917,0,0,0,0,0,0,98.6841212715092
"O.Odighizuwa",0,0,0,0,0,0,0,0,0,0,0,0,0,0
"P.Butler",0,0,0,0,0,0,0,0,0,0,0,0,0,0
"P.Surtain",0,0,0,0,0,0,0,0,0,0,0,0,0,0
"R.Blankenship",0,0,0,0,0,0,0,0,0,0,0,0,0,0
"R.Douglas",0,0,0,0,0,0,0,0,0,0,0,0,0,0
"R.Sanchez",0,0,0,0,0,0,0,0,0,0,0,0,0,0
"R.Spillane",0,0,0,0,0,0,0,0,0,0,0,0,0,0
"S.Barkley",0,0,0,0,0,183.530677283401,986.797647954091,5.64705882352941,26.1728974030045,20.4705882352924,148.941176470588,1.41176470588235,0,1372.50121291384
"S.Gilmore",0,0,0,0,0,0,0,0,0,0,0,0,0,0
"S.Joseph",0,0,0,0,0,0,0,0,0,0,0,0,0,0
"T.Allgeier",0,0,0,0,0,65.5070089546124,307.788977609061,1.61186472183522,8.34792241340168,7.04996688140186,66.1176470588235,0,0,480.681437147056
"T.Bernard",0,0,0,0,0,0,0,0,0,0,0,0,0,0
"T.Brown",0,0,0,0,0,0,0,0,0,0,0,0,0,0
"T.Edwards",0,0,0,0,0,0,0,0,0,0,0,0,0,0
"T.Hendrickson",0,0,0,0,0,0,0,0,0,0,0,0,0,0
"T.Johnson",0,0,0,0,0,0,0,0,35.3298644546804,22.1028088983574,232.824261745027,0.941176470588235,0,235.355730549644
"T.Kraft",0,0,0,0,0,3.60310587746415,80,0,37.8578102639031,22.0334603898637,292.488749116715,2.35294117647019,0,286.249665877522
"T.Lockett",0,0,0,0,0,0,0,0,28.7053430024245,19.3506117818645,169.393892924773,1.70358816624387,0,189.341806123649
"T.Mathieu",0,0,0,0,0,0,0,0,0,0,0,0,0,0
"T.Moehrig",0,0,0,0,0,0,0,0,0,0,0,0,0,0
"T.Palmer",0,0,0,0,0,0.941176470593217,7.29411764706312,0,7.60827221034247,3.66752687745484,151.764705882174,1.17309286700107,0,67.3198837252379
"T.Pollard",0,0,0,0,0,124,503.529411764706,2.87567798917259,31.2941176470588,24.2352941176473,136.000000000051,0,0,996.005214857746
"T.Slaton",0,0,0,0,0,0,0,0,0,0,0,0,0,0
"T.Way",0,0,0,0,0,0,0,0,0,0,0,0,0,0
"X.Gipson",0,0,0,0,0,2.11764705882345,17.1764705882721,0,0.367600718045293,6.35294117647059,63.0588235294117,0,0,22.9350160729809
"Y.Diaby",0,0,0,0,0,0,0,0,0,0,0,0,0,0
"Z.Allen",0,0,0,0,0,0,0,0,0,0,0,0,0,0
"Z.Smith",0,0,0,0,0,0,0,0,0,0,0,0,0,0
"A.Gibson",0,0,0,0,0,81.2153925332278,194.666666666667,0,28.1673768551123,14.8715317723222,106.114814714568,0,0,686.374764468164
"A.Hooper",0,0,0,0,0,0,0,0,34.0130429244185,32,258.826151886195,0.00431892040822904,0,229.961304627171
"A.Pierce",0,0,0,0,0,0,0,0,32.7666192904556,16.7272727272727,324.363636363636,3.90710104747885,0,229.426789483845
"B.Anger",0,0,0,0,0,0,0,0,0,0,0,0,0,0
"B.Burns",0,0,0,0,0,0,0,0,0,0,0,0,0,0
"C.Hubbard",0,0,0,0,0,118.30303030303,508.363636363636,3.63636363636236,23.7575757575742,19.8787878787975,97.939393939394,0,0,913.357575757566
"C.Lamb",0,0,0,0,0,7.03030303030204,48.8344782934026,0,82.9868896536022,59.3939393939394,739.649115954677,4.36363636363607,0,619.387879164597
"C.Lewis",0,0,0,0,0,0,0,0,0,0,0,0,0,0
"C.Okonkwo",0,0,0,0,0,0.727272727272738,0,0,36.6615369178383,26.5378256570901,245.690820082039,0.727272727272727,0,248.974667151597
"C.Parkinson",0,0,0,0,0,0,0,0,20.8880827218858,14.3388028449458,136.484848484848,0.96969696969697,0,139.073950876769
"C.Samuel",0,0,0,0,0,2.90909090909208,12.8346988083191,0,27.8582528430289,23.3464329755687,229.575757575758,1.69696969696985,0,209.01480512083
"C.Young",0,0,0,0,0,0,0,0,0,0,0,0,0,0
"D.Dallas",0,0,0,0,0,4.60606060606101,20.6060606060606,0,3.69168927165064,2.76477339296172,7.56201032726909,0,0,52.6033063596028
"D.Hall",0,0,0,0,0,0,0,0,0,0,0,0,0,0
"D.James",0,0,0,0,0,0,0,0,0,0,0,0,0,0
"D.London",0,0,0,0,0,0,0,0,66.9988305764848,40.6172880883578,527.515151515152,2.66666666666667,0,455.011165277091
"D.Long",0,0,0,0,0,0,0,0,0,0,0,0,0,0
"D.Odeyingbo",0,0,0,0,0,0,0,0,0,0,0,0,0,0
"D.Samuel",0,0,0,0,0,20.6060606060648,88.3643100659824,1.45454545454673,46.5454545454546,30.0606060606071,414.060606060606,2.42424242424242,0,453.539461309654
"D.Slayton",0,0,0,0,0,0,0,0,36.3636363636395,19.7848325325476,325.575757575758,1.45454545454485,0,250.884848484867
"D.Tomlinson",0,0,0,0,0,0,0,0,0,0,0,0,0,0
"E.Roberts",0,0,0,0,0,0,0,0,0,0,0,0,0,0
"G.Dortch",0,0,0,0,0,5.39489151392884,39.2128267837436,0,22.3307356155969,16.6647929128922,150.787878787879,1.21212121212121,0,185.475045455529
"G.Pickens",0,0,0,0,0,1.45454545454606,0,0,54.5454545454546,32.0000000000055,550.971035131385,1.95153491847808,0,391.29225700499
"H.Landry",0,0,0,0,0,0,0,0,0,0,0,0,0,0
"H.To'oTo'o",0,0,0,0,0,0,0,0,0,0,0,0,0,0
"I.Likely",0,0,0,0,0,0,0,0,27.3939393939409,20.1212121212121,257.939393939226,3.15151515151496,0,190.47272727272
"J.Addison",0,0,0,0,0,0.96969696969697,5.33333333332888,0,52.121212121214,32.9696969696984,440.000000000113,4.60606060606037,0,363.539393939416
"J.Chase",0,0,0,0,0,1.45760377352747,15.881207248431,0,80.0140448253001,55.030303030302,708.848484848485,5.81818181818182,0,561.884678984475
"J.Dotson",0,0,0,0,0,0,0,0,34.12107076264,14.8367506430472,190.787878787879,1.21212121212144,0,223.92642457584
"J.Jeudy",0,0,0,0,0,0,0,0,121.994860090193,70.3755186629219,616.508357329592,1.45454545454552,0,793.765450819573
"J.Kinlaw",0,0,0,0,0,0,0,0,0,0,0,0,0,0
"J.Mixon",0,0,0,0,0,132.121212121212,544,5.33333333333277,29.3333333333333,22.0606060606061,172.121212121212,0.96969696969697,0,1040.9696969697
"J.Poyer",0,0,0,0,0,0,0,0,0,0,0,0,0,0
"J.Sherwood",0,0,0,0,0,0,0,0,0,0,0,0,0,0
"K.Brooks",0,0,0,0,0,0,0,0,0,0,0,0,0,0
"K.Enagbare",0,0,0,0,0,0,0,0,0,0,0,0,0,0
"K.Fairbairn",0,0,0,0,0,0,0,0,0,0,0,0,0,0
"K.Mack",0,0,0,0,0,0,0,0,0,0,0,0,0,0
"M.Dickson",0,0,0,0,0,0,0,0,0,0,0,0,0,0
"M.Gay",0,0,0,0,0,0,0,0,0,0,0,0,0,0
"M.Hilton",0,0,0,0,0,0,0,0,0,0,0,0,0,0
"M.Smith",0,0,0,0,0,0,0,0,0,0,0,0,0,0
"M.Valdes-Scantling",0,0,0,0,0,0,0,0,24,11.6363636363636,207.030303030303,1.45454545454553,0,164.848484848485
"N.Agholor",0,0,0,0,0,0,0,0,20.0023264194541,3.30660441639559,165.843811534518,1.71094657600325,0,136.769434327776
"N.Bonitto",0,0,0,0,0,0,0,0,0,0,0,0,0,0
"N.Bosa",0,0,0,0,0,0,0,0,0,0,0,0,0,0
"N.Smith",0,0,0,0,0,0,0,0,0,0,0,0,0,0
"Q.Johnston",0,0,0,0,0,1.45454545454624,3.6363636363581,0,83.8347481679813,22.5454545454546,276.848484848485,2.31273117624944,0,540.015519701275
"Q.Lake",0,0,0,0,0,0,0,0,0,0,0,0,0,0
"Q.Williams",0,0,0,0,0,0,0,0,0,0,0,0,0,0
"R.Doubs",0,0,0,0,0,0,0,0,44.1212121212121,28.3636363636364,368.969696969697,3.16755321834596,0,301.940997746077
"R.Dowdle",0,0,0,0,0,184.73798514244,802.655091510745,0.96969696969697,18.4456917141278,15.0819449778347,98.6666666667454,1.2121212121229,0,1309.45241877534
"T.Conklin",0,0,0,0,0,0,0,0,36.7136197459991,27.1515151515152,259.393939393939,8,0,247.021112415388
"T.McBride",0,0,0,0,0,0,0,0,87.90268980606,63.2185766036157,604.411473712129,1.21212121212132,0,587.978498328785
"T.Morstead",0,0,0,0,0,0,0,0,0,0,0,0,0,0
"T.Watt",0,0,0,0,0,0,0,0,0,0,0,0,0,0
"T.Williams",0,0,0,0,0,3.65187447355405,16.7272727272798,0,0.39344084956613,1.73003746266586,2.47420975494072,0,0,26.1920401869431
"Ta.Johnson",0,0,0,0,0,0,0,0,0,0,0,0,0,0
"Z.Charbonnet",0,0,0,0,0,60.058119159707,249.939393939394,2.03993027035123,19.7783822707008,18.1818181818182,133.090909090819,0,0,517.526031912504
"Z.Collins",0,0,0,0,0,0,0,0,0,0,0,0,0,0
"Z.Franklin",0,0,0,0,0,0,0,0,0,0,0,0,0,0
"Z.Sieler",0,0,0,0,0,0,0,0,0,0,0,0,0,0
"A.Cooper",0,0,0,0,0,0,0,0,31.6391532804788,31.4999999999945,474.25,2.25,0,237.484919682873
"A.Nelson",0,0,0,0,0,0,0,0,0,0,0,0,0,0
"A.Terrell",0,0,0,0,0,0,0,0,0,0,0,0,0,0
"B.Cook",0,0,0,0,0,0,0,0,0,0,0,0,0,0
"B.Hill",0,0,0,0,0,0,0,0,0,0,0,0,0,0
"C.Durant",0,0,0,0,0,0,0,0,0,0,0,0,0,0
"C.Golston",0,0,0,0,0,0,0,0,0,0,0,0,0,0
"C.Izien",0,0,0,0,0,0,0,0,0,0,0,0,0,0
"C.Kmet",0,0,0,0,0,-3.24028389810936e-49,0,0,16,30,298.25,2.50000000000076,0,126.075
"C.Ward",0,0,0,0,0,0,0,0,0,0,0,0,0,0
"D.Elliott",0,0,0,0,0,0,0,0,0,0,0,0,0,0
"D.Fowler",0,0,0,0,0,0,0,0,0,0,0,0,0,0
"E.Elliott",0,0,0,0,0,25.9327739031419,76.1855846695245,1.5,3.30601281821418e-21,0,87.2787295768226,0,0,172.093074843486
"E.Jones",0,0,0,0,0,0,0,0,0,0,0,0,0,0
"E.Oliver",0,0,0,0,0,0,0,0,0,0,0,0,0,0
"E.Pineiro",0,0,0,0,0,0,0,0,0,0,0,0,0,0
"Er.Wilson",0,0,0,0,0,0,0,0,0,0,0,0,0,0
"G.Smith",269.25,182.499999999996,2002.35389125244,0,8.41941550494439,22.2089679986488,106.75,0.75,0,0,0,0,0,144.003807991893
"I.Smith-Marsette",0,0,0,0,0,0,0.000371703579633274,0,0,0,-0.139291149864606,0,0,-0.0138919446284973
"J.Clowney",0,0,0,0,0,0,0,0,0,0,0,0,0,0
"J.Ferguson",0,0,0,0,0,0,0,0,50,35.0000000000003,337,2.00000000000049,0,333.9
"J.Phillips",0,0,0,0,0,0,0,0,0,0,0,0,0,0
"J.Pinnock",0,0,0,0,0,0,0,0,0,0,0,0,0,0
"J.Sanborn",0,0,0,0,0,0,0,0,0,0,0,0,0,0
"J.Tolbert",0,0,0,0,0,0,0,0,30.9253693285375,18.047050482923,219.500000000003,3.40803391664558,0,207.84301936289
"K.Hunt",0,0,0,0,0,81.3361611435363,295.729019324301,4.38359454930223,15.5000000000006,11.499999999994,70.4999999999198,0,0,618.078228248574
"K.Kohou",0,0,0,0,0,0,0,0,0,0,0,0,0,0
"L.Williams",0,0,0,0,0,0,0,0,0,0,0,0,0,0
"M.Crosby",0,0,0,0,0,0,0,0,0,0,0,0,0,0
"M.Hollins",0,0,0,0,0,0,0,0,22.0000000000008,13.499999999996,183.25,1.5,0,150.475000000005
"M.Hooker",0,0,0,0,0,0,0,0,0,0,0,0,0,0
"M.Pittman",0,0,0,0,0,0,0,0,61.8668786702555,44.9907161400181,490,1.73789535005633,0,420.375061556538
"M.Sweat",0,0,0,0,0,0,0,0,0,0,0,0,0,0
"N.Shepherd",0,0,0,0,0,0,0,0,0,0,0,0,0,0
"R.McCloud",0,0,0,0,0,3.25000000000018,27.25,0,56,25.8970115770825,528,0,0,411.025000000001
"R.Woods",0,0,0,0,0,0,0,0,19.6102736383555,10.2434825424804,126.686066027626,0,0,130.330248432896
"T.Boyd",0,0,0,0,0,0.749999999999907,3.50000000000029,0,28.5439727860473,16,264.25,0,0,202.538836716283
"T.Etienne",0,0,0,0,0,103.640518329785,299.333959368787,3.18375696152979,30.864171489128,24.1477056752492,182.500000000105,0,0,855.529910546519
"T.Stevenson",0,0,0,0,0,0,0,0,0,0,0,0,0,0
"T.Tuipulotu",0,0,0,0,0,0,0,0,0,0,0,0,0,0
"T.Wallace",0,0,0,0,0,0,0,0,6.80736367475896,3.4999999999986,63,0,0,47.1441820485538
"T.Wharton",0,0,0,0,0,0,0,0,0,0,0,0,0,0
"V.Vea",0,0,0,0,0,0,0,0,0,0,0,0,0,0
"W.Anderson",0,0,0,0,0,0,0,0,0,0,0,0,0,0
"W.Robinson",0,0,0,0,0,0.37130205978959,26.2499999999228,0,70.1267268329396,38.2499999999927,306,1,0,456.313173356367
"Z.Baun",0,0,0,0,0,0,0,0,0,0,0,0,0,0
"A.Abdullah",0,0,0,0,0,160,920,0,36.0192902935049,39.763242723673,259.610219526758,3.079986016285,0,1294.38476231533
"A.Armstead",0,0,0,0,0,0,0,0,0,0,0,0,0,0
"A.Butler",0,0,0,0,0,0,0,0,0,0,0,0,0,0
"A.Cisco",0,0,0,0,0,0,0,0,0,0,0,0,0,0
"A.Ebiketie",0,0,0,0,0,0,0,0,0,0,0,0,0,0
"A.Gardner",0,0,0,0,0,0,0,0,0,0,0,0,0,0
"A.Witherspoon",0,0,0,0,0,0,0,0,0,0,0,0,0,0
"B.Dupree",0,0,0,0,0,0,0,0,0,0,0,0,0,0
"C.Barton",0,0,0,0,0,0,0,0,0,0,0,0,0,0
"D.Adams",0,0,0,0,0,0,0,0,80.7925177083643,48.5161290322581,569.548387096774,4.12903225806452,0,542.12284818567
"D.Lloyd",0,0,0,0,0,0,0,0,0,0,0,0,0,0
"D.Metcalf",0,0,0,0,0,0,0,0,58.5806451612913,34.0645161290353,543.483870967544,3.35483870967929,0,406.16774193547
"D.Onyemata",0,0,0,0,0,0,0,0,0,0,0,0,0,0
"D.Taylor",0,0,0,0,0,0,0,0,0,0,0,0,0,0
"D.Witherspoon",0,0,0,0,0,0,0,0,0,0,0,0,0,0
"D.Wyatt",0,0,0,0,0,0,0,0,0,0,0,0,0,0
"E.Speed",0,0,0,0,0,0,0,0,0,0,0,0,0,0
"G.Edwards",0,0,0,0,0,82.3225806451613,279.929443079451,4.38709677419258,5.41935483871066,4.38709677419258,51.8709677419355,0,0,560.070363662789
"J.Blackmon",0,0,0,0,0,0,0,0,0,0,0,0,0,0
"J.Downs",0,0,0,0,0,0,0,0,52.9032258064516,36.1290322580815,406.193548387097,1.80645161290323,0,358.21935483871
"J.Franklin-Myers",0,0,0,0,0,0,0,0,0,0,0,0,0,0
"J.Harris",0,0,0,0,0,0,0,0,0,0,0,0,0,0
"J.Herbert",256,165.935483870978,1869.93548387001,0,11.3548387096798,31.225806451612,137.806451612903,1.28850885056912,0,0,0,0,0,201.264334756019
"J.Jenkins",0,0,0,0,0,0,0,0,0,0,0,0,0,0
"J.Jennings",0,0,0,0,0,0,0,0,80,43.3291716789783,461.859117425961,2.06451612903198,0,526.392363355499
"J.Lewis",0,0,0,0,0,0,0,0,0,0,0,0,0,0
"J.Meyers",0,0,0,0,0,1.54838709677422,12.129032258066,0,60.6451612903204,41.7793127826603,473.290322580471,2.99072417122585,0,422.002298223544
"J.Tryon",0,0,0,0,0,0,0,0,0,0,0,0,0,0
"Ja.Reed",0,0,0,0,0,0,0,0,0,0,0,0,0,0
"K.Granson",0,0,0,0,0,0,0,0,22.7317338128871,11.3883144794469,141.935483870968,0.254544212684539,0,150.609405685688
"K.Moore",0,0,0,0,0,0,0,0,0,0,0,0,0,0
"K.Williams",0,0,0,0,0,152.774193548387,699.809272127701,6.70967741935336,14.5456224846252,18.852577210611,106.322580645161,1.54838709677343,0,1085.35788792697
"L.Floyd",0,0,0,0,0,0,0,0,0,0,0,0,0,0
"L.Johnson",0,0,0,0,0,0,0,0,0,0,0,0,0,0
"M.Garrett",0,0,0,0,0,0,0,0,0,0,0,0,0,0
"M.Gesicki",0,0,0,0,0,0,0,0,48.8769321454102,42.3444473180954,355.141108525221,1.03225806451783,0,328.878929531435
"N.Bolton",0,0,0,0,0,0,0,0,0,0,0,0,0,0
"N.Collins",0,0,0,0,0,0,0,0,62.1935483870968,44.1410130377849,689.032258064516,4.44786018115782,0,442.509302147148
"N.Folk",0,0,0,0,0,0,0,0,0,0,0,0,0,0
"O.Burks",0,0,0,0,0,0,0,0,0,0,0,0,0,0
"O.Oweh",0,0,0,0,0,0,0,0,0,0,0,0,0,0
"O.Zaccheaus",0,0,0,0,0,0,0,0,40,23.4131303562713,190.065954733375,0,0,259.006595473337
"P.Nacua",0,0,0,0,0,6.45161290322594,36.1290322580645,0,84.604256575001,52.527391449131,711.179980645173,2.58064516129048,0,621.324182675814
"R.Green",0,0,0,0,0,0,0,0,0,0,0,0,0,0
"T.Atwell",0,0,0,0,0,1.80645161290323,9.80645161290175,0,30.8095670511151,20.8183043859208,276.517031901242,-1.6213959725212e-87,0,224.328460335524
"T.Chandler",0,0,0,0,0,7.26326397626624,165.935483870968,-1.82161662063196e-09,7.67756436726769,6.9677419354824,51.8709677419291,0,0,111.425615222311
"W.Gay",0,0,0,0,0,0,0,0,0,0,0,0,0,0
"X.Woods",0,0,0,0,0,0,0,0,0,0,0,0,0,0
"Y.Koo",0,0,0,0,0,0,0,0,0,0,0,0,0,0
"A.Al-Shaair",0,0,0,0,0,0,0,0,0,0,0,0,0,0
"A.Anzalone",0,0,0,0,0,0,0,0,0,0,0,0,0,0
"A.Highsmith",0,0,0,0,0,0,0,0,0,0,0,0,0,0
"A.Jennings",0,0,0,0,0,0,0,0,0,0,0,0,0,0
"A.Mattison",0,0,0,0,0,80.5806998274466,298.666666666667,1.06666666666891,24.5333333333319,17.6000000000001,131.845109246198,1.05793803016099,0,673.947837025641
"A.Robertson",0,0,0,0,0,0,0,0,0,0,0,0,0,0
"A.Trautman",0,0,0,0,0,0,0,0,15.5094532418102,9.43063446892439,106.800784763256,1.33333333333333,0,103.87013126052
"B.Bresee",0,0,0,0,0,0,0,0,0,0,0,0,0,0
"B.Cashman",0,0,0,0,0,0,0,0,0,0,0,0,0,0
"B.Mafe",0,0,0,0,0,0,0,0,0,0,0,0,0,0
"C.Ferrell",0,0,0,0,0,0,0,0,0,0,0,0,0,0
"C.Ryland",0,0,0,0,0,0,0,0,0,0,0,0,0,0
"D.Alford",0,0,0,0,0,0,0,0,0,0,0,0,0,0
"D.Douglas",0,0,0,0,0,2.93333333333225,15.2,0,44.2666666666648,30.6666666666694,315.2,1.80115394304554,0,316.420115394287
"D.Mooney",0,0,0,0,0,0,-4.51297776615881e-05,0,44.5333333333527,25.3333333333333,473.974420644619,1.59999999999764,0,314.7574375516
"D.Slay",0,0,0,0,0,0,0,0,0,0,0,0,0,0
"D.Stingley",0,0,0,0,0,0,0,0,0,0,0,0,0,0
"E.Kendricks",0,0,0,0,0,0,0,0,0,0,0,0,0,0
"F.Oluokun",0,0,0,0,0,0,0,0,0,0,0,0,0,0
"I.McDuffie",0,0,0,0,0,0,0,0,0,0,0,0,0,0
"I.Oliver",0,0,0,0,0,0,0,0,0,0,0,0,0,0
"I.Yiadom",0,0,0,0,0,0,0,0,0,0,0,0,0,0
"J.Chinn",0,0,0,0,0,0,0,0,0,0,0,0,0,0
"J.Gillan",0,0,0,0,0,0,0,0,0,0,0,0,0,0
"J.McMillian",0,0,0,0,0,0,0,0,0,0,0,0,0,0
"J.Thompson",0,0,0,0,0,0,0,0,0,0,0,0,0,0
"J.Tillery",0,0,0,0,0,0,0,0,0,0,0,0,0,0
"J.Waddle",0,0,0,0,0,2.13333333333151,8.8,0,48.6235668439863,35.1999999999982,477.066666666667,1.59999999999968,0,353.288067730574
"K.Dugger",0,0,0,0,0,0,0,0,0,0,0,0,0,0
"K.Paye",0,0,0,0,0,0,0,0,0,0,0,0,0,0
"K.Raymond",0,0,0,0,0,0.9856817463274,19.9999999999946,0,18.4,14.6666666666699,195.002920964621,0.00172447742499961,0,137.814555022168
"M.Andrews",0,0,0,0,0,13.7828923551465,19.5817433713938,0,37.8666666666667,29.0666666666679,352,4.53333333333347,0,347.508861801351
"M.Clemons",0,0,0,0,0,0,0,0,0,0,0,0,0,0
"M.McFadden",0,0,0,0,0,0,0,0,0,0,0,0,0,0
"M.Parsons",0,0,0,0,0,0,0,0,0,0,0,0,0,0
"M.Pierce",0,0,0,0,0,0,0,0,0,0,0,0,0,0
"M.Sanders",0,0,0,0,0,136,167.623076138761,0.8,20.9099792513053,13.6,80.5333333333334,0,0,966.355516455041
"N.Cross",0,0,0,0,0,0,0,0,0,0,0,0,0,0
"P.Freiermuth",0,0,0,0,0,0,0,0,36.5333333333313,28.0000000000094,280.533333333333,2.39999999999887,0,247.493333333321
"Q.Walker",0,0,0,0,0,0,0,0,0,0,0,0,0,0
"R.Jenkins",0,0,0,0,0,0,0,0,0,0,0,0,0,0
"R.Robertson-Harris",0,0,0,0,0,0,0,0,0,0,0,0,0,0
"T.Rapp",0,0,0,0,0,0,0,0,0,0,0,0,0,0
"T.Settle",0,0,0,0,0,0,0,0,0,0,0,0,0,0
"T.Tucker",0,0,0,0,0,5.06666666666667,35.2313291725157,0,38.9585090175514,17.6000000000104,232,1.33333333333225,0,291.007520355893
"T.Woolen",0,0,0,0,0,0,0,0,0,0,0,0,0,0
"V.Jefferson",0,0,0,0,0,0,0,0,22.666666666672,12.2076983298068,139.2,0.8,0,150.000000000032
"X.Hutchinson",0,0,0,0,0,0.0152563619848174,0,0,17.2135961237773,7.73333333333333,80.5333333333333,0,0,111.426448247906
"A.Ekeler",0,0,0,0,0,55.997964914604,207.680376587238,2.48275862068817,35.8620689655137,25.7278929971936,249.2896935269,0,0,597.105486154189
"A.Key",0,0,0,0,0,0,0,0,0,0,0,0,0,0
"B.Baker",0,0,0,0,0,0,0,0,0,0,0,0,0,0
"B.McManus",0,0,0,0,0,0,0,0,0,0,0,0,0,0
"B.Okereke",0,0,0,0,0,0,0,0,0,0,0,0,0,0
"C.Jordan",0,0,0,0,0,0,0,0,0,0,0,0,0,0
"C.Taylor-Britt",0,0,0,0,0,0,0,0,0,0,0,0,0,0
"D.Achane",0,0,0,0,0,86.7202989515438,473.379310344505,3.86206896551723,33.5449425306215,27.7370915319744,213.099265581737,2.56506729864856,0,790.882020112033
"D.Banks",0,0,0,0,0,0,0,0,0,0,0,0,0,0
"D.Buckner",0,0,0,0,0,0,0,0,0,0,0,0,0,0
"D.Bush",0,0,0,0,0,0,0,0,0,0,0,0,0,0
"D.Goedert",0,0,0,0,0,0,0,0,45.091986706477,33.9239637274107,365.241379310345,1.55257293827994,0,307.231315463724
"D.Knox",0,0,0,0,0,0,0,0,20.6903880692163,13.7931034482755,153.103448275862,1.10344827586126,0,139.56301807047
"D.Ogunbowale",0,0,0,0,0,11.5862068965517,46.3448275862069,0,10.2068965517254,6.72020644787799,62.3617703524801,0,0,141.629280483532
"D.Reed",0,0,0,0,0,0,0,0,0,0,0,0,0,0
"D.Ward",0,0,0,0,0,0,0,0,0,0,0,0,0,0
"D.Wise",0,0,0,0,0,0,0,0,0,0,0,0,0,0
"E.McPherson",0,0,0,0,0,0,0,0,0,0,0,0,0,0
"E.Molden",0,0,0,0,0,0,0,0,0,0,0,0,0,0
"G.Delpit",0,0,0,0,0,0,0,0,0,0,0,0,0,0
"H.Henry",0,0,0,0,0,0,0,0,43.5862068965452,29.7931034482758,301.51724137931,2.2068965517237,0,291.889655172375
"J.Akins",0,0,0,0,0,0,0,0,55.9752651188102,45.6485640625696,279.443444810674,0,0,363.795935193929
"J.Baker",0,0,0,0,0,0,0,0,4.84695791288407,0,0,0,0,29.0817474773044
"J.Conner",0,0,0,0,0,122.48275862069,588.689655172414,4.13793103448378,24.757411436484,27.1901990714011,220.415619852453,-0.0188733984213678,0,964.763453609135
"J.Hankins",0,0,0,0,0,0,0,0,0,0,0,0,0,0
"J.Martin",0,0,0,0,0,0,0,0,0,0,0,0,0,0
"J.Mingo",0,0,0,0,0,0,0,0,19.3827759990267,8.60080844615945,88.0920738512487,0,0,125.105863379285
"J.Owens",0,0,0,0,0,0,0,0,0,0,0,0,0,0
"L.Hall",0,0,0,0,0,0,0,0,0,0,0,0,0,0
"M.Fitzpatrick",0,0,0,0,0,0,0,0,0,0,0,0,0,0
"M.Hughes",0,0,0,0,0,0,0,0,0,0,0,0,0,0
"M.Humphrey",0,0,0,0,0,0,0,0,0,0,0,0,0,0
"M.Wishnowsky",0,0,0,0,0,0,0,0,0,0,0,0,0,0
"Mi.Wilson",0,0,0,0,0,0,0,0,35.5862068965566,23.4482758620657,307.034482758585,1.93103448275983,0,244.413793103474
"N.Fant",0,0,0,0,0,0,0,0,41.8677474660421,42.6236484792289,252.137931034483,0,0,276.420277899701
"P.Strong",0,0,0,0,0,24.551724137931,110.06896551723,0,40,9.89633624566115,41.6551724136527,0,0,402.482758620674
"P.Werner",0,0,0,0,0,0,0,0,0,0,0,0,0,0
"R.Mostert",0,0,0,0,0,31.1486715928601,94.9976552733076,-8.76042659094965e-36,15.724137931032,12.4137931034477,84.8531019039353,0.827586206896552,0,299.304691481767
"R.Stonehouse",0,0,0,0,0,0,0,0,0,0,0,0,0,0
"S.Harris",0,0,0,0,0,0,0,0,0,0,0,0,0,0
"S.Murphy-Bunting",0,0,0,0,0,0,0,0,0,0,0,0,0,0
"S.Tuttle",0,0,0,0,0,0,0,0,0,0,0,0,0,0
"T.Adams",0,0,0,0,0,0,0,0,0,0,0,0,0,0
"T.Bigsby",0,0,0,0,0,95.1190811436957,312,2.48275862068766,4.41379310344827,4.39961647920726,16.551724137931,0,0,630.300693758726
"T.Dodson",0,0,0,0,0,0,0,0,0,0,0,0,0,0
"T.Spears",0,0,0,0,0,50.7586206896552,211.034482758621,1.6551724137931,28.9655172413743,22.6206896551724,168,0,0,516.413793103418
"T.Tagovailoa",275.77614735877,191.927073967099,2121.77471845921,0,13.5172413793082,15.1800761182894,40.8275862068966,0,0,0,0,0,0,95.1632153304263
"T.Tart",0,0,0,0,0,0,0,0,0,0,0,0,0,0
"W.Dissly",0,0,0,0,0,0,0,0,40,22.4086821721097,184.551724137931,0.827586206896552,0,258.537931034483
"A.Iosivas",0,0,0,0,0,0,0,0,23.7798818000178,14.4089273950348,96,2.8571428571499,0,152.565005085822
"A.Winfield",0,0,0,0,0,0,0,0,0,0,0,0,0,0
"C.Flott",0,0,0,0,0,0,0,0,0,0,0,0,0,0
"C.Kancey",0,0,0,0,0,0,0,0,0,0,0,0,0,0
"C.Robinson",0,0,0,0,0,0,0,0,0,0,0,0,0,0
"D.Autry",0,0,0,0,0,0,0,0,0,0,0,0,0,0
"D.Deablo",0,0,0,0,0,0,0,0,0,0,0,0,0,0
"D.Duvernay",0,0,0,0,0,2.3217614596676,0,0,0.702221363426084,3.69941483145494,27.7142857142857,0,0,20.9153255099907
"D.Njoku",0,0,0,0,0,0,0,0,66.2255576618951,43.4285714285879,422.857142857143,3.14285714285714,0,439.95334597137
"D.Pierce",0,0,0,0,0,42.6940447709875,209.714285714286,1.14285714285664,6.23141350513514,0.171257939311353,0,0,0,314.63846394245
"D.Smythe",0,0,0,0,0,0,0,0,10.4827033878949,4.2172774278816,0,0,0,62.8962203273692
"D.Stills",0,0,0,0,0,0,0,0,0,0,0,0,0,0
"F.Anudike-Uzomah",0,0,0,0,0,0,0,0,0,0,0,0,0,0
"G.Stewart",0,0,0,0,0,0,0,0,0,0,0,0,0,0
"I.Pacheco",0,0,0,0,0,35.606982283035,73.1661510818508,3.14285714285714,23.4285714285746,20.2857142857126,114.285714285714,0,0,373.2727945207
"J.Battle",0,0,0,0,0,0,0,0,0,0,0,0,0,0
"J.Brown",0,0,0,0,0,0,0,0,0,0,0,0,0,0
"J.Jewell",0,0,0,0,0,0,0,0,0,0,0,0,0,0
"J.Mason",0,0,0,0,0,66.7433123280311,360.783338170174,1.71428571428606,4.51202610602246,3.40529601179654,34.8571428571428,0,0,467.267507278482
"J.Pitre",0,0,0,0,0,0,0,0,0,0,0,0,0,0
"J.Ramsey",0,0,0,0,0,0,0,0,0,0,0,0,0,0
"J.Whitehead",0,0,0,0,0,0,0,0,0,0,0,0,0,0
"J.Wilson",0,0,0,0,0,6.32486742535768,8.10854171960377,0,10.8571428571445,5.5071808139649,42.2857142857143,0,0,108.131487295545
"K.Gordon",0,0,0,0,0,0,0,0,0,0,0,0,0,0
"K.Saunders",0,0,0,0,0,0,0,0,0,0,0,0,0,0
"K.Thibodeaux",0,0,0,0,0,0,0,0,0,0,0,0,0,0
"L.Carter",0,0,0,0,0,0,0,0,0,0,0,0,0,0
"L.Wilson",0,0,0,0,0,0,0,0,0,0,0,0,0,0
"N.Landman",0,0,0,0,0,0,0,0,0,0,0,0,0,0
"R.Johnson",0,0,0,0,0,38.8571428571429,46.0636424072197,2.28571428571473,15.6904572969001,14.1252771513073,86.2694586902351,0,0,340.747482462575
"R.McCreary",0,0,0,0,0,0,0,0,0,0,0,0,0,0
"R.Nunez-Roches",0,0,0,0,0,0,0,0,0,0,0,0,0,0
"S.Darnold",393.449174716594,241.629244777847,1704.59892898474,0,12.9198127121988,28.5781444842146,97.6681742759999,0,0,0,0,0,0,181.235684332887
"S.Hubbard",0,0,0,0,0,0,0,0,0,0,0,0,0,0
"V.Bell",0,0,0,0,0,0,0,0,0,0,0,0,0,0
"Z.Harrison",0,0,0,0,0,0,0,0,0,0,0,0,0,0
"A.Davis-Gaither",0,0,0,0,0,0,0,0,0,0,0,0,0,0
"A.Hooker",0,0,0,0,0,0,0,0,0,0,0,0,0,0
"A.Kamara",0,0,0,0,0,111.650004962305,502.857100572761,3.25925925925924,52.6888873287991,42.3038932019629,298.962962962963,0.888888888888889,0,1066.63017491501
"A.McNeill",0,0,0,0,0,0,0,0,0,0,0,0,0,0
"A.Thielen",0,0,0,0,0,0,0,0,56.8152364306115,43.3154615741867,482.666666666667,2.66666666666743,0,389.424751917003
"B.Cooks",0,0,0,0,0,3.15286442440582,-1.90202861754697,0,42.3703703703704,25.4814814814815,285.333333333558,3.25925925925883,0,301.808465166184
"B.Urban",0,0,0,0,0,0,0,0,0,0,0,0,0,0
"C.Kupp",0,0,0,0,0,0,0,0,62.8148148148148,40.5925925925926,467.142913099198,3.25925925925732,0,423.929106124734
"C.Valentine",0,0,0,0,0,0,0,0,0,0,0,0,0,0
"C.Williams",245.062190559897,158.405047244639,1297.9685356794,0,5.92592592592332,36.7196768884657,194.068315016867,0,0,0,0,0,0,239.724892832481
"Co.Heyward",0,0,0,0,0,0,0,0,2.86540493051954,3.6835597201208,21.6032095890574,0,0,19.352750542023
"D.Carr",245.037037036945,167.111111111111,1784.59259259259,0,11.3107667089709,14.3383543703635,32.8888888889086,0,0,0,0,0,0,89.3190151110716
"D.Clark",0,0,0,0,0,0,0,0,0,0,0,0,0,0
"D.Kazee",0,0,0,0,0,0,0,0,0,0,0,0,0,0
"D.Reader",0,0,0,0,0,0,0,0,0,0,0,0,0,0
"D.Thomas",0,0,0,0,0,0,0,0,0,0,0,0,0,0
"E.Ogbah",0,0,0,0,0,0,0,0,0,0,0,0,0,0
"F.Fatukasi",0,0,0,0,0,0,0,0,0,0,0,0,0,0
"G.Gaines",0,0,0,0,0,0,0,0,0,0,0,0,0,0
"G.Newsome",0,0,0,0,0,0,0,0,0,0,0,0,0,0
"I.Pace",0,0,0,0,0,0,0,0,0,0,0,0,0,0
"I.Simmons",0,0,0,0,0,0,0,0,0,0,0,0,0,0
"J.Burrow",301.333333333333,210.521925308831,2451.75973801962,0,20.4226401112331,21.6296296296324,85.6296296296296,0,0,0,0,0,0,138.340740740757
"J.Dean",0,0,0,0,0,0,0,0,0,0,0,0,0,0
"J.Holland",0,0,0,0,0,0,0,0,0,0,0,0,0,0
"J.Metchie",0,0,0,0,0,0,0,0,37.6750395066874,24.424630737418,153.777777777778,0,0,241.428014817902
"J.Newton",0,0,0,0,0,0,0,0,0,0,0,0,0,0
"J.Ossai",0,0,0,0,0,0,0,0,0,0,0,0,0,0
"J.Paschal",0,0,0,0,0,0,0,0,0,0,0,0,0,0
"J.Reynolds",0,0,0,0,0,0,0,0,30.1102483802681,17.7620366005098,250.535066456138,2.07407407407362,0,205.92240433463
"K.Juszczyk",0,0,0,0,0,3.55555555555555,10.9830090108416,0,15.7037037037037,10.9629629629622,113.481481481481,1.18518518518519,0,128.120523123306
"M.Roach",0,0,0,0,0,0,0,0,0,0,0,0,0,0
"M.Wilson",0,0,0,0,0,0,0,0,0,0,0,0,0,0
"N.Hewitt",0,0,0,0,0,0,0,0,0,0,0,0,0,0
"N.Jones",0,0,0,0,0,0,0,0,0,0,0,0,0,0
"N.Westbrook-Ikhine",0,0,0,0,0,0,0,0,31.1111111111059,17.7777777777658,256.888888888889,3.55555555555556,0,212.71111111108
"R.Lopez",0,0,0,0,0,0,0,0,0,0,0,0,0,0
"R.Stevenson",0,0,0,0,0,107.555555555595,420.740740740741,3.25925925925926,13.1468059378087,21.2101998089993,120.407885231103,0,0,778.654957483532
"R.Wilson",240.592592592593,156.862051758004,1725.03703703704,0,13.0370370370406,37.3333333333333,148.740740740919,1.48148148148182,0,0,0,0,0,239.02222222224
"S.Diggs",0,0,0,0,0,8,-0.0819054554665665,0,71.720241222704,43.4985152336494,512.508707336235,3.25925925925929,0,529.890053450227
"T.Bryan",0,0,0,0,0,0,0,0,0,0,0,0,0,0
"T.Robinson",0,0,0,0,0,0,0,0,0,0,0,0,0,0
"T.Wilson",0,0,0,0,0,0,0,0,0,0,0,0,0,0
"W.McDonald",0,0,0,0,0,0,0,0,0,0,0,0,0,0
"Z.Ertz",0,0,0,0,0,0,0,0,47.1111111111111,32.8888888888889,259.952742346525,0,0,308.661940901319
"A.Carlson",0,0,0,0,0,0,0,0,0,0,0,0,0,0
"A.Davis",0,0,0,0,0,0,0,0,0,0,0,0,0,0
"A.Gilman",0,0,0,0,0,0,0,0,0,0,0,0,0,0
"A.Lazard",0,0,0,0,0,0,0,0,33.8461538461386,18.4615384615385,258.769230769231,2.15384615385173,0,229.16923076914
"B.Aiyuk",0,0,0,0,0,0,0,0,53.1818429439254,33.9132219504775,491.496551244746,2.48829806644617,0,368.489542594672
"B.Washington",0,0,0,0,0,0,0,0,0,0,0,0,0,0
"C.Godwin",0,0,0,0,0,1.53846153846188,12.3076923076922,0,63.0769230769079,43.3846153846154,518.461538461538,5.52245359041592,0,441.321476128184
"C.Patterson",0,0,0,0,0,23.8738225060635,97.2307692307693,0,8.00000000000153,6.46153846153861,36.3076923076923,0,0,204.596781190237
"D.Bellinger",0,0,0,0,0,0,0,0,13.8461538461538,12.0000000000087,115.093559738981,0,0,94.5862790508212
"D.Belton",0,0,0,0,0,0,0,0,0,0,0,0,0,0
"D.Campbell",0,0,0,0,0,0,0,0,0,0,0,0,0,0
"D.Perryman",0,0,0,0,0,0,0,0,0,0,0,0,0,0
"D.Prescott",288,197.209326551771,2122.15384615385,0,14.7638906279756,22.7692307692275,104.923076923166,0.923076923076923,0,0,0,0,0,147.199999999989
"D.Washington",0,0,0,0,0,0,0,0,18.0276175424161,8.3076923076953,83.0769230769231,0,0,116.473397562189
"E.Engram",0,0,0,0,0,0,0,0,64.8523491122808,50.4623441050596,408.615384615385,1.53846153846196,0,430.129479289069
"E.Higgins",0,0,0,0,0,0,0,0,14.3293276268813,10.9485052175844,107.871177383715,0.923076923078058,0,96.8553911919669
"G.Davis",0,0,0,0,0,0,0,0,37.8461538461539,19.999999999998,313.494903598096,2.76923076923075,0,258.703336513656
"G.Dexter",0,0,0,0,0,0,0,0,0,0,0,0,0,0
"G.Minshew",243.737446373439,156.154652983774,1627.39019968124,0,7.38461538461634,16.4340169405262,48.6153846153846,0,0,0,0,0,0,103.465640104696
"J.Bobo",0,0,0,0,0,0,0,0,12.9230769230778,9.84615384615582,90.0611134250668,0.923076923076923,0,86.636880573281
"J.Fuller",0,0,0,0,0,0,0,0,0,0,0,0,0,0
"J.Howden",0,0,0,0,0,0,0,0,0,0,0,0,0,0
"J.Oliver",0,0,0,0,0,0,0,0,16.6540841147336,13.8461538461556,141.29499190698,1.53846153846154,0,114.207850032946
"K.Britt",0,0,0,0,0,0,0,0,0,0,0,0,0,0
"K.Davis",0,0,0,0,0,0,0,0,0,0,0,0,0,0
"K.Fuller",0,0,0,0,0,0,0,0,0,0,0,0,0,0
"K.Grugier-Hill",0,0,0,0,0,0,0,0,0,0,0,0,0,0
